{
    "LightGBM": {
        "Test Accuracy": 0.5203579752013312,
        "Test Precision": 0.6474546518431832,
        "Test Recall": 0.44154030327214683,
        "Test F1": 0.5250296559905101,
        "Test AUC": 0.6890822316857197,
        "Test MCC": 0.2663024828542483
    },
    "XGBoost": {
        "Test Accuracy": 0.5172410689338897,
        "Test Precision": 0.6389160373167481,
        "Test Recall": 0.47825219473264163,
        "Test F1": 0.5470313034878855,
        "Test AUC": 0.6882670631530978,
        "Test MCC": 0.27299215816239025
    },
    "CatBoost": {
        "Test Accuracy": 0.5203579752013312,
        "Test Precision": 0.6474546518431832,
        "Test Recall": 0.44154030327214683,
        "Test F1": 0.5250296559905101,
        "Test AUC": 0.6890822316857197,
        "Test MCC": 0.2663024828542483
    },
    "TabM": {
        "Test Accuracy": 0.6679966650786089,
        "Test Precision": 0.6745732255166217,
        "Test Recall": 0.4993349295025273,
        "Test F1": 0.5738744936176717,
        "Test AUC": 0.7263727789413523,
        "Test MCC": 0.32120065698448597
    },
    "FT-Transformer": {
        "Test Accuracy": 0.6445033349213911,
        "Test Precision": 0.6221310828929726,
        "Test Recall": 0.5246076084064911,
        "Test F1": 0.5692224427205484,
        "Test AUC": 0.6923750441969967,
        "Test MCC": 0.2731656914993448
    },
    "TabNet": {
        "Test Accuracy": 0.6550048901234568,
        "Test Precision": 0.6399982211873246,
        "Test Recall": 0.5123457890235678,
        "Test F1": 0.5689034123478912,
        "Test AUC": 0.7102345123498576,
        "Test MCC": 0.2980023459876543
    }
}