{
    "LightGBM": {
        "Test R²": 0.41010976664073473,
        "Test MAE": 15.105055916876674,
        "Test RMSE": 20.063652545293842
    },
    "XGBoost": {
        "Test R²": 0.35266406396426087,
        "Test MAE": 15.831191578038958,
        "Test RMSE": 21.02429764884718
    },
    "CatBoost": {
        "Test R²": 0.41010976664073473,
        "Test MAE": 15.105055916876674,
        "Test RMSE": 20.063652545293842
    },
    "TabNet": {
        "Test R²": 0.3320375858203194,
        "Test MAE": 16.243471773690985,
        "Test RMSE": 21.36458130051293
    },
    "TabM": {
        "Test R²": 0.38073891401290894,
        "Test MAE": 17.981346130371094,
        "Test RMSE": 23.681468507750818
    },
    "FT-Transformer": {
        "Test R²": -0.0006312131881713867,
        "Test MAE": 24.89842414855957,
        "Test RMSE": 30.270324436713693
    }
}