{
    "LightGBM": {
        "Test Accuracy": 0.7813435601860172,
        "Test Precision": 0.8353230337078652,
        "Test Recall": 0.9850931677018634,
        "Test F1": 0.9040471214136424,
        "Test AUC": 0.7716791106757073,
        "Test MCC": 0.30200671757439423
    },
    "XGBoost": {
        "Test Accuracy": 0.7674103553006145,
        "Test Precision": 0.8426730596344022,
        "Test Recall": 0.9703243616287095,
        "Test F1": 0.9020048115477145,
        "Test AUC": 0.7691460300060354,
        "Test MCC": 0.3133373910159818
    },
    "CatBoost": {
        "Test Accuracy": 0.7813435601860172,
        "Test Precision": 0.8353230337078652,
        "Test Recall": 0.9850931677018634,
        "Test F1": 0.9040471214136424,
        "Test AUC": 0.7716791106757073,
        "Test MCC": 0.30200671757439423
    },
    "TabNet": {
        "Test Accuracy": 0.806714708675493,
        "Test Precision": 0.8094837261503928,
        "Test ROC AUC": 0.5208718332824486,
        "Test Recall": 0.9955141476880607,
        "Test F1": 0.8929124110182606,
        "Test MCC": 0.1198736198901935
    },
    "TabM": {
        "Test Accuracy": 0.8415172336740964,
        "Test Precision": 0.8510997288339861,
        "Test Recall": 0.9747412008281573,
        "Test F1": 0.9087341161331832,
        "Test AUC": 0.8132705174405301,
        "Test MCC": 0.37801649408909704
    },
    "FT-Transformer": {
        "Test Accuracy": 0.8337523043405396,
        "Test Precision": 0.8562940958039361,
        "Test Recall": 0.9548654244306418,
        "Test F1": 0.9028974158183242,
        "Test AUC": 0.7950787844061523,
        "Test MCC": 0.36314811731971053
    }
}