{
    "LightGBM": {
        "Test R²": 0.44053593834293425,
        "Test MAE": 9.638958504744306,
        "Test RMSE": 12.2617257287293
    },
    "XGBoost": {
        "Test R²": 0.45629945714956355,
        "Test MAE": 9.538802471621551,
        "Test RMSE": 12.08300023865414
    },
    "CatBoost": {
        "Test R²": 0.44053593834293425,
        "Test MAE": 9.638958504744306,
        "Test RMSE": 12.2617257287293
    },
    "FT-Transformer": {
        "Test R²": -4.9233436584472656e-05,
        "Test MAE": 15.09814453125,
        "Test RMSE": 18.978408591759774
    },
    "TabM": {
        "Test R²": 0.5766908526420593,
        "Test MAE": 9.614418029785156,
        "Test RMSE": 12.279187366548834
    },
    "TabNet": {
        "Test R²": 0.47418639063835144,
        "Test MAE": 9.550079345703125,
        "Test RMSE": 11.96950874308315
    }
}