{
    "LightGBM": {
        "Test Accuracy": 0.782571049993841,
        "Test Precision": 0.8273824841310687,
        "Test Recall": 0.980807117890054,
        "Test F1": 0.8975857716981023,
        "Test AUC": 0.7825457491348816,
        "Test MCC": 0.23179239994660134
    },
    "XGBoost": {
        "Test Accuracy": 0.7728582443336118,
        "Test Precision": 0.8343308151006747,
        "Test Recall": 0.9727867810613282,
        "Test F1": 0.8982547562879242,
        "Test AUC": 0.7885698798709564,
        "Test MCC": 0.267349352201606
    },
    "CatBoost": {
        "Test Accuracy": 0.782571049993841,
        "Test Precision": 0.8273824841310687,
        "Test Recall": 0.980807117890054,
        "Test F1": 0.8975857716981023,
        "Test AUC": 0.7825457491348816,
        "Test MCC": 0.23179239994660134
    },
    "TabNet": {
        "Test Accuracy": 0.807777663618617,
        "Test Precision": 0.8082894628609032,
        "Test ROC AUC": 0.6311238593302346,
        "Test Recall": 0.9991865268509692,
        "Test F1": 0.8936571724141851,
        "Test MCC": 0.03961737604739982
    },
    "TabM": {
        "Test Accuracy": 0.8308435220384259,
        "Test Precision": 0.8452139170967204,
        "Test Recall": 0.9680076263107722,
        "Test F1": 0.9024528972627088,
        "Test AUC": 0.8220108969440505,
        "Test MCC": 0.3308979750639098
    },
    "FT-Transformer": {
        "Test Accuracy": 0.822905187622789,
        "Test Precision": 0.8370013232342274,
        "Test Recall": 0.9603125829733739,
        "Test F1": 0.8946015424164524,
        "Test AUC": 0.813274856872045,
        "Test MCC": 0.2926635812053318
    }
}