{
    "LightGBM": {
        "Test R²": 0.5942692188400018,
        "Test MAE": 14.759778940722446,
        "Test RMSE": 19.309939660938223
    },
    "XGBoost": {
        "Test R²": 0.6325516753925461,
        "Test MAE": 13.838376274052907,
        "Test RMSE": 18.375347567768234
    },
    "CatBoost": {
        "Test R²": 0.5942692188400018,
        "Test MAE": 14.759778940722446,
        "Test RMSE": 19.309939660938223
    },
    "TabNet": {
        "Test R²": 0.7450423531444254,
        "Test MAE": 10.973194478673678,
        "Test RMSE": 15.302803837681317
    },
    "TabM": {
        "Test R²": 0.7423385381698608,
        "Test MAE": 12.526561737060547,
        "Test RMSE": 17.717518489500193
    },
    "FT-Transformer": {
        "Test R²": -0.000007867813110351562,
        "Test MAE": 28.969135284423828,
        "Test RMSE": 35.098466401681996
    }
}