{
    "LightGBM": {
        "Test R²": 0.5230071795093698,
        "Test MAE": 14.586708335490306,
        "Test RMSE": 19.31103141883877
    },
    "XGBoost": {
        "Test R²": 0.5670765997858762,
        "Test MAE": 13.639604934311174,
        "Test RMSE": 18.39743672893942
    },
    "CatBoost": {
        "Test R²": 0.5230071795093698,
        "Test MAE": 14.586708335490306,
        "Test RMSE": 19.31103141883877
    },
    "TabNet": {
        "Test R²": 0.675093145050538,
        "Test MAE": 10.980674198615905,
        "Test RMSE": 15.93704639584574
    },
    "TabM": {
        "Test R²": 0.6989248991012573,
        "Test MAE": 12.409236907958984,
        "Test RMSE": 17.669078926125614
    },
    "FT-Transformer": {
        "Test R²": -0.00014078617095947266,
        "Test MAE": 25.467504501342773,
        "Test RMSE": 32.38286621678295
    }
}