{
    "LightGBM": {
        "Test Accuracy": 0.5539183903252007,
        "Test Precision": 0.6607214086272722,
        "Test Recall": 0.4511322076103027,
        "Test F1": 0.5361725740445308,
        "Test AUC": 0.7534251760437292,
        "Test MCC": 0.337595048717986
    },
    "XGBoost": {
        "Test Accuracy": 0.5460386687540171,
        "Test Precision": 0.6722921914357682,
        "Test Recall": 0.5192202941405338,
        "Test F1": 0.5859237794169301,
        "Test AUC": 0.7781940747026546,
        "Test MCC": 0.38326745877209
    },
    "CatBoost": {
        "Test Accuracy": 0.5539183903252007,
        "Test Precision": 0.6607214086272722,
        "Test Recall": 0.4511322076103027,
        "Test F1": 0.5361725740445308,
        "Test AUC": 0.7534251760437292,
        "Test MCC": 0.337595048717986
    },
    "TabNet": {
        "Test Accuracy": 0.6408812398630384,
        "Test Precision": 0.5739928860947969,
        "Test ROC AUC": 0.6637471614317911,
        "Test Recall": 0.2699789899618707,
        "Test F1": 0.36723029292688736,
        "Test MCC": 0.18188677319872407
    },
    "TabM": {
        "Test Accuracy": 0.8256898162073169,
        "Test Precision": 0.7951723399700278,
        "Test Recall": 0.6740619754094642,
        "Test F1": 0.7296255371393493,
        "Test AUC": 0.8971363207253734,
        "Test MCC": 0.6067741633426089
    },
    "FT-Transformer": {
        "Test Accuracy": 0.7576590376644441,
        "Test Precision": 0.6956592889579839,
        "Test Recall": 0.6615827562057427,
        "Test F1": 0.6781932396051451,
        "Test AUC": 0.8288801940793237,
        "Test MCC": 0.4844332273987238
    }
}