{
    "LightGBM": {
        "Test Accuracy": 0.5872701055503986,
        "Test Precision": 0.766764254844556,
        "Test Recall": 0.46525398638074694,
        "Test F1": 0.5791150069757035,
        "Test AUC": 0.8178148731986035,
        "Test MCC": 0.45444888023513086
    },
    "XGBoost": {
        "Test Accuracy": 0.5763942555260405,
        "Test Precision": 0.7639873681701722,
        "Test Recall": 0.5423169648521761,
        "Test F1": 0.6343442339088705,
        "Test AUC": 0.845020578238154,
        "Test MCC": 0.49979547471587576
    },
    "CatBoost": {
        "Test Accuracy": 0.5872701055503986,
        "Test Precision": 0.766764254844556,
        "Test Recall": 0.46525398638074694,
        "Test F1": 0.5791150069757035,
        "Test AUC": 0.8178148731986035,
        "Test MCC": 0.45444888023513086
    },
    "TabNet": {
        "Test Accuracy": 0.6504970354856789,
        "Test Precision": 0.47783251231527096,
        "Test ROC AUC": 0.5395157713892924,
        "Test Recall": 0.024616165461235885,
        "Test F1": 0.04682032098467479,
        "Test MCC": 0.03664662191984017
    },
    "TabM": {
        "Test Accuracy": 0.8451668092386655,
        "Test Precision": 0.8505520294415703,
        "Test Recall": 0.6744913928012519,
        "Test F1": 0.7523589356482355,
        "Test AUC": 0.9185923070746767,
        "Test MCC": 0.6510403442029253
    },
    "FT-Transformer": {
        "Test Accuracy": 0.808378221482929,
        "Test Precision": 0.8237131417289861,
        "Test Recall": 0.6602123595701342,
        "Test F1": 0.7332481143106521,
        "Test AUC": 0.9021086329821778,
        "Test MCC": 0.6013954137294768
    }
}