{
    "LightGBM": {
        "Test R²": 0.3085649923422942,
        "Test MAE": 9.087271347086409,
        "Test RMSE": 11.477494491593472
    },
    "XGBoost": {
        "Test R²": 0.38627753368242634,
        "Test MAE": 8.43514352089679,
        "Test RMSE": 10.815242773283582
    },
    "CatBoost": {
        "Test R²": 0.3085649923422942,
        "Test MAE": 9.087271347086409,
        "Test RMSE": 11.477494491593472
    },
    "TabNet": {
        "Test RMSE": 9.77501524779249,
        "Test MAE": 7.2829202062985585,
        "Test R²": 0.6777848886883626
    },
    "TabM": {
        "RMSE": 10.741743243654525,
        "MAE": 8.198183059692383,
        "R2": 0.5428550243377686
    },
    "FT-Transformer": {
        "RMSE": 19.940622306456486,
        "MAE": 15.793102264404297,
        "R2": -4.76837158203125e-07
    }
}