{
    "LightGBM": {
        "Test Accuracy": 0.6200433486621665,
        "Test Precision": 0.7583770396270396,
        "Test Recall": 0.9440943096803446,
        "Test F1": 0.8411060168447416,
        "Test AUC": 0.7935503155597623,
        "Test MCC": 0.4060780538069919
    },
    "XGBoost": {
        "Test Accuracy": 0.5975040696508398,
        "Test Precision": 0.7936486033629679,
        "Test Recall": 0.9127408750850148,
        "Test F1": 0.8490388974999736,
        "Test AUC": 0.8224823607448954,
        "Test MCC": 0.4701686720306967
    },
    "CatBoost": {
        "Test Accuracy": 0.6200433486621665,
        "Test Precision": 0.7583770396270396,
        "Test Recall": 0.9440943096803446,
        "Test F1": 0.8411060168447416,
        "Test AUC": 0.7935503155597623,
        "Test MCC": 0.4060780538069919
    },
    "TabNet": {
        "Test Accuracy": 0.7116613296152726,
        "Test Precision": 0.7171460461921525,
        "Test Recall": 0.9467921106325097,
        "Test F1": 0.8161219404953832,
        "Test AUC": 0.7961219404953832,
        "Test MCC": 0.25396405497208674
    },
    "TabM": {
        "Test Accuracy": 0.8263900592948964,
        "Test Precision": 0.835981222197167,
        "Test Recall": 0.9245069145318522,
        "Test F1": 0.8780183225500856,
        "Test AUC": 0.8884178118343085,
        "Test MCC": 0.5885331999445531
    },
    "FT-Transformer": {
        "Test Accuracy": 0.7928432056124378,
        "Test Precision": 0.8125944878632993,
        "Test Recall": 0.9182073403289256,
        "Test F1": 0.8621670909337384,
        "Test AUC": 0.8711254023857914,
        "Test MCC": 0.5348294718821076
    }
}