{
    "LightGBM": {
        "Test Accuracy": 0.5156995311198012,
        "Test Precision": 0.757290719030536,
        "Test Recall": 0.8069909092571931,
        "Test F1": 0.7813512795537059,
        "Test AUC": 0.8152814743963857,
        "Test MCC": 0.468159881374104
    },
    "XGBoost": {
        "Test Accuracy": 0.5127647866628902,
        "Test Precision": 0.7788828700825859,
        "Test Recall": 0.8021620237420205,
        "Test F1": 0.7903510668973471,
        "Test AUC": 0.8350577990699328,
        "Test MCC": 0.5008827755539399
    },
    "CatBoost": {
        "Test Accuracy": 0.5156995311198012,
        "Test Precision": 0.757290719030536,
        "Test Recall": 0.8069909092571931,
        "Test F1": 0.7813512795537059,
        "Test AUC": 0.8152814743963857,
        "Test MCC": 0.468159881374104
    },
    "TabNet": {
        "Test Accuracy": 0.7112391749989541,
        "Test Precision": 0.7407394228374194,
        "Test ROC AUC": 0.7757109544507503,
        "Test Recall": 0.76153719522233,
        "Test F1": 0.7509943450850943,
        "Test MCC": 0.4077502817040812
    },
    "TabM": {
        "Test Accuracy": 0.7898590135129482,
        "Test Precision": 0.7984189723320159,
        "Test Recall": 0.8461158566698981,
        "Test F1": 0.8215757317419722,
        "Test AUC": 0.872756265309009,
        "Test MCC": 0.5679382740474367
    },
    "FT-Transformer": {
        "Test Accuracy": 0.7576590376644441,
        "Test Precision": 0.6956592889579839,
        "Test Recall": 0.6615827562057427,
        "Test F1": 0.6781932396051451,
        "Test AUC": 0.8288801940793237,
        "Test MCC": 0.4844332273987238
    }
}