{
    "LightGBM": {
        "Test Accuracy": 0.9642547662087281,
        "Test Precision": 0.9676843511878653,
        "Test Recall": 0.999525866610473,
        "Test F1": 0.9833474134848116,
        "Test AUC": 0.8538255762219982,
        "Test MCC": 0.18589000839461406
    },
    "XGBoost": {
        "Test Accuracy": 0.9633816073549542,
        "Test Precision": 0.9680419844600321,
        "Test Recall": 0.9989569065430408,
        "Test F1": 0.9832565037256742,
        "Test AUC": 0.8625833014138039,
        "Test MCC": 0.19005489275141416
    },
    "FT-Transformer": {
        "Test Accuracy": 0.8337523043405396,
        "Test Precision": 0.8562940958039361,
        "Test Recall": 0.9548654244306418,
        "Test F1": 0.9028974158183242,
        "Test AUC": 0.7950787844061523,
        "Test MCC": 0.36314811731971053
    },
    "CatBoost": {
        "Test Accuracy": 0.9642547662087281,
        "Test Precision": 0.9676843511878653,
        "Test Recall": 0.999525866610473,
        "Test F1": 0.9833474134848116,
        "Test AUC": 0.8538255762219982,
        "Test MCC": 0.18589000839461406
    },
    "TabNet": {
        "Accuracy": 0.9653989453753283,
        "Precision": 0.9661555702715093,
        "ROC AUC": 0.4974092135040594,
        "Recall": 0.9991887050890317,
        "F1": 0.982394530339523,
        "MCC": -0.001336993002707583
    },
    "TabM": {
        "Test Accuracy": 0.9693486980068001,
        "Test Precision": 0.970644569859983,
        "Test Recall": 0.9984722368559689,
        "Test F1": 0.9843617722978483,
        "Test AUC": 0.8975342416991154,
        "Test MCC": 0.31542498977429695
    }
}