{
    "LightGBM": {
        "Test R²": 0.3085649923422942,
        "Test MAE": 9.087271347086409,
        "Test RMSE": 11.47237860345527
    },
    "XGBoost": {
        "Test R²": 0.38627753368242634,
        "Test MAE": 8.43514352089679,
        "Test RMSE": 10.809922499711515
    },
    "CatBoost": {
        "Test R²": 0.3085649923422942,
        "Test MAE": 9.087271347086409,
        "Test RMSE": 11.47237860345527
    },
    "TabNet": {
        "Test R²": 0.533920089179255,
        "Test MAE": 6.967307085434858,
        "Test RMSE": 9.418726086598207
    },
    "TabM": {
        "Test R²": 0.5428550243377686,
        "Test MAE": 8.198183059692383,
        "Test RMSE": 10.741743243654525
    },
    "FT-Transformer": {
        "Test R²": -7.474422454833984e-05,
        "Test MAE": 12.621963500976562,
        "Test RMSE": 15.976158498865095
    }
}