{
    "LightGBM": {
        "Test R²": 0.4534048400189986,
        "Test MAE": 14.945956231553746,
        "Test RMSE": 19.29658149258042
    },
    "XGBoost": {
        "Test R²": 0.4701853524006566,
        "Test MAE": 14.663721749763583,
        "Test RMSE": 18.97990336314949
    },
    "CatBoost": {
        "Test R²": 0.4534048400189986,
        "Test MAE": 14.945956231553746,
        "Test RMSE": 19.29658149258042
    },
    "TabNet": {
        "Test R²": 0.5754561803535903,
        "Test MAE": 12.725341662104887,
        "Test RMSE": 17.00250584442476
    },
    "FT-Transformer": {
        "Test RMSE": 30.216659457806756,
        "Test MAE": 24.781652450561523,
        "Test R²": -3.0994415283203125e-06
    },
    "TabM": {
        "Test RMSE": 18.49463415864931,
        "Test MAE": 13.279888153076172,
        "Test R²": 0.6348368883132935
    }
}