{
    "LightGBM": {
        "Test Accuracy": 0.573815974091156,
        "Test Precision": 0.7581867475023483,
        "Test Recall": 0.8776549082597146,
        "Test F1": 0.8135583514199161,
        "Test AUC": 0.7980673180224933,
        "Test MCC": 0.40026335635197974
    },
    "XGBoost": {
        "Test Accuracy": 0.5649973613951776,
        "Test Precision": 0.7821896641803489,
        "Test Recall": 0.8694013714709334,
        "Test F1": 0.8234929254391611,
        "Test AUC": 0.8211505204953278,
        "Test MCC": 0.45130008517926407
    },
    "CatBoost": {
        "Test Accuracy": 0.573815974091156,
        "Test Precision": 0.7581867475023483,
        "Test Recall": 0.8776549082597146,
        "Test F1": 0.8135583514199161,
        "Test AUC": 0.7980673180224933,
        "Test MCC": 0.40026335635197974
    },
    "TabNet": {
        "Test Accuracy": 0.7116613296152726,
        "Test Precision": 0.7171460461921525,
        "Test Recall": 0.9467921106325097,
        "Test F1": 0.8161219404953832,
        "Test AUC": 0.7980673180224933,
        "Test MCC": 0.25396405497208674
    },
    "TabM": {
        "Test Accuracy": 0.8205427814548336,
        "Test Precision": 0.7786582690173202,
        "Test Recall": 0.685372835915845,
        "Test F1": 0.7290435623225183,
        "Test AUC": 0.10428301946945905,
        "Test MCC": 0.5984124218133593
    },
    "FT-Transformer": {
        "Test Accuracy": 0.8322582622152083,
        "Test Precision": 0.8612733135785253,
        "Test Recall": 0.8961459986397642,
        "Test F1": 0.8783636646445793,
        "Test AUC": 0.8939911695579188,
        "Test MCC": 0.6098162655625329
    }
}

