{
    "LightGBM": {
        "Test Accuracy": 0.5743160912349111,
        "Test Precision": 0.7290004985044866,
        "Test Recall": 0.5307835397667983,
        "Test F1": 0.6142980913124524,
        "Test AUC": 0.824300559263478,
        "Test MCC": 0.46536856393814896
    },
    "XGBoost": {
        "Test Accuracy": 0.5694945020761694,
        "Test Precision": 0.7480651969981238,
        "Test Recall": 0.5788757315911256,
        "Test F1": 0.6526843491828017,
        "Test AUC": 0.8471608787450022,
        "Test MCC": 0.5093028690565315
    },
    "CatBoost": {
        "Test Accuracy": 0.5743160912349111,
        "Test Precision": 0.7290004985044866,
        "Test Recall": 0.5307835397667983,
        "Test F1": 0.6142980913124524,
        "Test AUC": 0.824300559263478,
        "Test MCC": 0.46536856393814896
    },
    "TabNet": {
        "Test Accuracy": 0.7130079627665469,
        "Test Precision": 0.6401146131805158,
        "Test ROC AUC": 0.7360442839188636,
        "Test Recall": 0.4054262510775373,
        "Test F1": 0.496430654704036,
        "Test MCC": 0.32540305275474873
    },
    "TabM": {
        "Test Accuracy": 0.7897993979834551,
        "Test Precision": 0.7945479371891154,
        "Test Recall": 0.7383757817456721,
        "Test F1": 0.7654326787559899,
        "Test AUC": 0.8726076586197042,
        "Test MCC": 0.5767452466331188
    },
    "FT-Transformer": {
        "Test Accuracy": 0.7629151291512915,
        "Test Precision": 0.7611842111226008,
        "Test Recall": 0.7410633289713593,
        "Test F1": 0.7509991112075582,
        "Test AUC": 0.8579632374393905,
        "Test MCC": 0.5254094156602321
    }
}