{
    "LightGBM": {
        "Test Accuracy": 0.8597149076470357,
        "Test Precision": 0.87327910176268,
        "Test Recall": 0.99642842091955,
        "Test F1": 0.9307981123626469,
        "Test AUC": 0.8179550917005431,
        "Test MCC": 0.17145561741492696
    },
    "FT-Transformer": {
        "Test Accuracy": 0.8337523043405396,
        "Test Precision": 0.8562940958039361,
        "Test Recall": 0.9548654244306418,
        "Test F1": 0.9028974158183242,
        "Test AUC": 0.7950787844061523,
        "Test MCC": 0.36314811731971053
    },
    "XGBoost": {
        "Test Accuracy": 0.8503500416683741,
        "Test Precision": 0.8795109722560006,
        "Test Recall": 0.9906127523283745,
        "Test F1": 0.9317616513561455,
        "Test AUC": 0.82667971353102,
        "Test MCC": 0.2335129561128588
    },
    "CatBoost": {
        "Test Accuracy": 0.8597149076470357,
        "Test Precision": 0.87327910176268,
        "Test Recall": 0.99642842091955,
        "Test F1": 0.9307981123626469,
        "Test AUC": 0.8179550917005431,
        "Test MCC": 0.17145561741492696
    },
    "TabNet": {
        "Test Accuracy": 0.806714708675493,
        "Test Precision": 0.8094837261503928,
        "Test ROC AUC": 0.5208718332824486,
        "Test Recall": 0.9955141476880607,
        "Test F1": 0.8929124110182606,
        "Test MCC": 0.1198736198901935
    },
    "TabM": {
        "Test Accuracy": 0.8915612007127519,
        "Test Precision": 0.7341101694915254,
        "Test Recall": 0.286383359735519,
        "Test F1": 0.4120299261754942,
        "Test AUC": 0.8831490464723041,
        "Test MCC": 0.41422139024544685
    }
}
    