{
    "LightGBM": {
        "Test Accuracy": 0.7415744794572763,
        "Test Precision": 0.8474567140379041,
        "Test Recall": 0.9728268935833374,
        "Test F1": 0.9058244320962773,
        "Test AUC": 0.8515570079265118,
        "Test MCC": 0.4251057756494359
    },
    "XGBoost": {
        "Test Accuracy": 0.7229328177423582,
        "Test Precision": 0.8682756388073364,
        "Test Recall": 0.9620170187503092,
        "Test F1": 0.9127457710654627,
        "Test AUC": 0.8732743906277618,
        "Test MCC": 0.4974647777444735
    },
    "CatBoost": {
        "Test Accuracy": 0.7415744794572763,
        "Test Precision": 0.8474567140379041,
        "Test Recall": 0.9728268935833374,
        "Test F1": 0.9058244320962773,
        "Test AUC": 0.8515570079265118,
        "Test MCC": 0.4251057756494359
    },
    "TabNet": {
        "Test Accuracy": 0.8223149420773611,
        "Test Precision": 0.8422803783176428,
        "Test ROC AUC": 0.7894366501189221,
        "Test Recall": 0.954967100380943,
        "Test F1": 0.8950910323960561,
        "Test MCC": 0.3596893208475966
    },
    "TabM": {
        "Test Accuracy": 0.8882485764775182,
        "Test Precision": 0.9017174579309547,
        "Test Recall": 0.964317518428734,
        "Test F1": 0.9319674629595319,
        "Test AUC": 0.926228871357156,
        "Test MCC": 0.6323600923855378
    },
    "FT-Transformer": {
        "Test Accuracy": 0.8489312733104517,
        "Test Precision": 0.8772154401254368,
        "Test Recall": 0.9511038471989225,
        "Test F1": 0.9127396387408633,
        "Test AUC": 0.9019983149248724,
        "Test MCC": 0.5537241286034145
    }
}