{
    "LightGBM": {
        "Test R²": 0.2712338785983074,
        "Test MAE": 9.215225566109597,
        "Test RMSE": 11.604061142812057
    },
    "XGBoost": {
        "Test R²": 0.26744390022257325,
        "Test MAE": 9.173603511708592,
        "Test RMSE": 11.63677581246345
    },
    "CatBoost": {
        "Test R²": 0.2712338785983074,
        "Test MAE": 9.215225566109597,
        "Test RMSE": 11.604061142812057
    },
    "TabNet": {
        "Test R²": 0.3450423531444254,
        "Test MAE": 10.973194478673678,
        "Test RMSE": 15.302137425431036
    },
    "TabM": {
        "Test R²": 0.32647788524627686,
        "Test MAE": 10.17424201965332,
        "Test RMSE": 12.848201379435311
    },
    "FT-Transformer": {
        "Test R²": -2.086162567138672e-05,
        "Test MAE": 12.4942626953125,
        "Test RMSE": 15.742699762912183
    }
}