{
    "LightGBM": {
        "Test R²": 0.3559531638164911,
        "Test MAE": 14.538440497290292,
        "Test RMSE": 18.98632084807673
    },
    "XGBoost": {
        "Test R²": 0.3466382190202073,
        "Test MAE": 14.586431448314205,
        "Test RMSE": 19.1378040132636
    },
    "CatBoost": {
        "Test R²": 0.3559531638164911,
        "Test MAE": 14.538440497290292,
        "Test RMSE": 18.98632084807673
    },
    "TabNet": {
        "Test R²": 0.3576717165605108,
        "Test MAE": 14.188941969361622,
        "Test RMSE": 18.97427902480861
    },
    "TabM": {
        "Test R²": 0.4201115369796753,
        "Test MAE": 15.711471557617188,
        "Test RMSE": 20.75918633132503
    },
    "FT-Transformer": {
        "Test R²": -0.00020682811737060547,
        "Test MAE": 21.701745986938477,
        "Test RMSE": 27.41519127057741
    }
}