{
    "DBSCAN": {
        "Silhouette": 0.21200771117405445,
        "DCSI": 0.16526590222849427
    },
    "K-Means": {
        "Silhouette": 0.10085029697830188,
        "DCSI": 0.07388727526383569
    },
    "FairSC": {
        "Silhouette": -0.1650774235741308,
        "DCSI": 0.06101230766358446
    },
    "FairDEN": {
        "Silhouette": 0.12558858671257928,
        "DCSI": 0.05235818655047555
    }
}