{
    "LightGBM": {
        "Test Accuracy": 0.8341656520213919,
        "Test Precision": 0.8470196953610816,
        "Test Recall": 0.9946821368141165,
        "Test F1": 0.9149313377294349,
        "Test AUC": 0.7644352057078577,
        "Test MCC": 0.13095015030358398
    },
    "XGBoost": {
        "Test Accuracy": 0.8266143410539499,
        "Test Precision": 0.8512736236647493,
        "Test Recall": 0.9885118888592038,
        "Test F1": 0.9147741320241585,
        "Test AUC": 0.7691633303748276,
        "Test MCC": 0.16974130934211573
    },
    "CatBoost": {
        "Test Accuracy": 0.8341656520213919,
        "Test Precision": 0.8470196953610816,
        "Test Recall": 0.9946821368141165,
        "Test F1": 0.9149313377294349,
        "Test AUC": 0.7644352057078577,
        "Test MCC": 0.13095015030358398
    },
    "TabNet": {
        "Test Accuracy": 0.8416181999293082,
        "Test Precision": 0.23529411764705882,
        "Test ROC AUC": 0.6362762996626697,
        "Test Recall": 0.0008130081300813008,
        "Test F1": 0.0016204172574437918,
        "Test MCC": 0.0494713999481246
    },
    "TabM": {
        "Test Accuracy": 0.8522433940640296,
        "Test Precision": 0.654498879282741,
        "Test Recall": 0.13848238482384823,
        "Test F1": 0.2285969915562266,
        "Test AUC": 0.8023231389521636,
        "Test MCC": 0.25312542420973333
    },
    "FT-Transformer": {
        "Test Accuracy": 0.8462513513513513,
        "Test Precision": 0.7012321231231231,
        "Test Recall": 0.15553155315531553,
        "Test F1": 0.25252525252525254,
        "Test AUC": 0.7943252532452345,
        "Test MCC": 0.21312312312312312
    }
}