{
    "LightGBM": {
        "Test R²": 0.6041945279961034,
        "Test MAE": 13.714320288372694,
        "Test RMSE": 18.72509802415298
    },
    "XGBoost": {
        "Test R²": 0.6334758774368903,
        "Test MAE": 12.807248398308763,
        "Test RMSE": 18.015596075075126
    },
    "CatBoost": {
        "Test R²": 0.6041945279961034,
        "Test MAE": 13.714320288372694,
        "Test RMSE": 18.72509802415298
    },
    "TabNet": {
        "Test R²": 0.6764980618223053,
        "Test MAE": 11.303913452931932,
        "Test RMSE": 16.911765158653107
    },
    "TabM": {
        "Test RMSE": 19.86150319291144,
        "Test MAE": 14.090202331542969,
        "Test R²": 0.6641658544540405
    },
    "FT-Transformer": {
        "Test RMSE": 34.46339486959316,
        "Test MAE": 27.948421478271484,
        "Test R²": -5.960464477539062e-07
    }
}