{
    "TabM": {
        "Test Accuracy": 0.8064337355467668,
        "Test Precision": 0.8313854533076137,
        "Test Recall": 0.8720196770738287,
        "Test F1": 0.8512179065174457,
        "Test AUC": 0.8792901593302965,
        "Test MCC": 0.5760880670454628
    },
    "XGBoost": {
        "Test Accuracy": 0.556694588913595,
        "Test Precision": 0.7675004434983147,
        "Test Recall": 0.8581743166580712,
        "Test F1": 0.8103086604734792,
        "Test AUC": 0.8077427307689433,
        "Test MCC": 0.43068822646749516
    },
    "FT-Transformer": {
        "Test Accuracy": 0.5446526776413406,
        "Test Precision": 0.7752951807228915,
        "Test Recall": 0.8549263469468079,
        "Test F1": 0.8129012849684263,
        "Test AUC": 0.8001920663034291,
        "Test MCC": 0.4150762587871093
    },
    "LightGBM": {
        "Test Accuracy": 0.5610606809285327,
        "Test Precision": 0.7587331321330697,
        "Test Recall": 0.867695481413893,
        "Test F1": 0.8095643483732464,
        "Test AUC": 0.801470263759207,
        "Test MCC": 0.4185877148151067
    },
    "CatBoost": {
        "Test Accuracy": 0.5610606809285327,
        "Test Precision": 0.7587331321330697,
        "Test Recall": 0.867695481413893,
        "Test F1": 0.8095643483732464,
        "Test AUC": 0.801470263759207,
        "Test MCC": 0.4185877148151067
    },
    "TabNet": {
        "Accuracy": 0.6377560017129758,
        "Precision": 0.6399234924655587,
        "ROC AUC": 0.614540291000591,
        "Recall": 0.9821874876026501,
        "F1": 0.7749467885313635,
        "MCC": 0.1355061938330761
    }
}