{
    "LightGBM": {
        "Test Accuracy": 0.5067539925823765,
        "Test Precision": 0.7311431096324791,
        "Test Recall": 0.6374059639264026,
        "Test F1": 0.6810643294675931,
        "Test AUC": 0.796396188296369,
        "Test MCC": 0.4410615288093716
    },
    "XGBoost": {
        "Test Accuracy": 0.5055247704185963,
        "Test Precision": 0.7400668029313525,
        "Test Recall": 0.6727544638810841,
        "Test F1": 0.7048071216617211,
        "Test AUC": 0.8160765487180468,
        "Test MCC": 0.4723763186401585
    },
    "CatBoost": {
        "Test Accuracy": 0.5067539925823765,
        "Test Precision": 0.7311431096324791,
        "Test Recall": 0.6374059639264026,
        "Test F1": 0.6810643294675931,
        "Test AUC": 0.796396188296369,
        "Test MCC": 0.4410615288093716
    },
    "TabNet": {
        "Test Accuracy": 0.6207927252825899,
        "Test Precision": 0.6026661260074003,
        "Test ROC AUC": 0.6540260405557718,
        "Test Recall": 0.538838031360464,
        "Test F1": 0.5689675798540496,
        "Test MCC": 0.23350629839964313
    },
    "TabM": {
        "Test Accuracy": 0.7897993979834551,
        "Test Precision": 0.7945479371891154,
        "Test Recall": 0.7383757817456721,
        "Test F1": 0.7654326787559899,
        "Test AUC": 0.8726076586197042,
        "Test MCC": 0.5767452466331188
    },
    "FT-Transformer": {
        "Test Accuracy": 0.7629151291512915,
        "Test Precision": 0.7611842111226008,
        "Test Recall": 0.7410633289713593,
        "Test F1": 0.7509991112075582,
        "Test AUC": 0.8579632374393905,
        "Test MCC": 0.5254094156602321
    }
}