{
    "LightGBM": {
        "Test Accuracy": 0.6174266752644728,
        "Test Precision": 0.7564694938774266,
        "Test Recall": 0.9079710808090052,
        "Test F1": 0.825325258709613,
        "Test AUC": 0.7717896600550085,
        "Test MCC": 0.3357183213755003
    },
    "XGBoost": {
        "Test Accuracy": 0.602492345062683,
        "Test Precision": 0.7771056305258259,
        "Test Recall": 0.8864281138464354,
        "Test F1": 0.8281746981770922,
        "Test AUC": 0.7878173173777694,
        "Test MCC": 0.37892323885086165
    },
    "CatBoost": {
        "Test Accuracy": 0.6175092360579717,
        "Test Precision": 0.7563076453998018,
        "Test Recall": 0.9080259906653244,
        "Test F1": 0.8252516010978957,
        "Test AUC": 0.7717596066907662,
        "Test MCC": 0.3352310884002005
    },
    "TabNet": {
        "Test Accuracy": 0.6827056572150442,
        "Test Precision": 0.3645833333333333,
        "Test ROC AUC": 0.5913421027924252,
        "Test Recall": 0.002765049770895876,
        "Test F1": 0.005488474204171241,
        "Test MCC": 0.005056431648396121
    },
    "TabM": {
        "Test Accuracy": 0.7798901827369263,
        "Test Precision": 0.7036411609498681,
        "Test Recall": 0.5267024806446516,
        "Test F1": 0.6024488320607239,
        "Test AUC": 0.8316843036660521,
        "Test MCC": 0.4636976065084298
    },
    "FT-Transformer": {
        "Test Accuracy": 0.7576590376644441,
        "Test Precision": 0.6956592889579839,
        "Test Recall": 0.6615827562057427,
        "Test F1": 0.6781932396051451,
        "Test AUC": 0.8288801940793237,
        "Test MCC": 0.4844332273987238
    }
}