{
    "LightGBM": {
        "Test Accuracy": 0.5824736714756577,
        "Test Precision": 0.7321036585365853,
        "Test Recall": 0.8759073499908809,
        "Test F1": 0.7975753549779955,
        "Test AUC": 0.749538574757933,
        "Test MCC": 0.32429339766373017
    },
    "XGBoost": {
        "Test Accuracy": 0.5781600767768367,
        "Test Precision": 0.7396004846376091,
        "Test Recall": 0.868393215393033,
        "Test F1": 0.798839004093685,
        "Test AUC": 0.752655011608342,
        "Test MCC": 0.3394535736380657
    },
    "CatBoost": {
        "Test Accuracy": 0.5824736714756577,
        "Test Precision": 0.7321036585365853,
        "Test Recall": 0.8759073499908809,
        "Test F1": 0.7975753549779955,
        "Test AUC": 0.749538574757933,
        "Test MCC": 0.32429339766373017
    },
    "TabNet": {
        "Test Accuracy": 0.6478122928307605,
        "Test Precision": 0.649363952546572,
        "Test ROC AUC": 0.5573847906188387,
        "Test Recall": 0.9943096844792997,
        "Test F1": 0.7856412030031847,
        "Test MCC": 0.07299945426484224
    },
    "TabM": {
        "Test Accuracy": 0.7457145563026801,
        "Test Precision": 0.7628882232382154,
        "Test Recall": 0.882546051431698,
        "Test F1": 0.8183663115169965,
        "Test AUC": 0.7970413719224623,
        "Test MCC": 0.41398641556024307
    },
    "FT-Transformer": {
        "Test Accuracy": 0.7147745396825397,
        "Test Precision": 0.7553854881266491,
        "Test Recall": 0.8611994742544447,
        "Test F1": 0.8049654527421083,
        "Test AUC": 0.7902401190061184,
        "Test MCC": 0.36787510204910934
    }
}