{
    "LightGBM": {
        "Test Accuracy": 0.5307246436312398,
        "Test Precision": 0.7259733054857553,
        "Test Recall": 0.8104189435336976,
        "Test F1": 0.765875406675503,
        "Test AUC": 0.7684772719303589,
        "Test MCC": 0.37681180346203397
    },
    "XGBoost": {
        "Test Accuracy": 0.5297590876356681,
        "Test Precision": 0.7329803328290468,
        "Test Recall": 0.8119125683060109,
        "Test F1": 0.7704300331858407,
        "Test AUC": 0.774537424831699,
        "Test MCC": 0.3923220485317357
    },
    "CatBoost": {
        "Test Accuracy": 0.5307246436312398,
        "Test Precision": 0.7259733054857553,
        "Test Recall": 0.8104189435336976,
        "Test F1": 0.765875406675503,
        "Test AUC": 0.7684772719303589,
        "Test MCC": 0.37681180346203397
    },
    "TabNet": {
        "Test Accuracy": 0.6181200354955306,
        "Test Precision": 0.6433541898134612,
        "Test ROC AUC": 0.637881262859509,
        "Test Recall": 0.8016029143897996,
        "Test F1": 0.7138130149873484,
        "Test MCC": 0.1692667194503556
    },
    "TabM": {
        "Test Accuracy": 0.7431552063718806,
        "Test Precision": 0.7737605846597098,
        "Test Recall": 0.8022586520947177,
        "Test F1": 0.7877519629411028,
        "Test AUC": 0.8174144513319884,
        "Test MCC": 0.46333860434804436
    },
    "FT-Transformer": {
        "Test Accuracy": 0.7700729927007299,
        "Test Precision": 0.7801487183444603,
        "Test Recall": 0.8221636082412878,
        "Test F1": 0.8006140806824926,
        "Test AUC": 0.8199555386508838,
        "Test MCC": 0.48936170212765956
    }
}