{
    "LightGBM": {
        "Test Accuracy": 0.5035070735701853,
        "Test Precision": 0.6898506898506899,
        "Test Recall": 0.7334682570440224,
        "Test F1": 0.7109911439165734,
        "Test AUC": 0.7496046431793731,
        "Test MCC": 0.3662426089883588
    },
    "XGBoost": {
        "Test Accuracy": 0.5031101763280458,
        "Test Precision": 0.7088801399825022,
        "Test Recall": 0.7443195682441258,
        "Test F1": 0.7261677204332696,
        "Test AUC": 0.7725742211024463,
        "Test MCC": 0.4036409310070837
    },
    "CatBoost": {
        "Test Accuracy": 0.5035070735701853,
        "Test Precision": 0.6898506898506899,
        "Test Recall": 0.7334682570440224,
        "Test F1": 0.7109911439165734,
        "Test AUC": 0.7496046431793731,
        "Test MCC": 0.3662426089883588
    },
    "TabM": {
        "Test Accuracy": 0.7243921306900056,
        "Test Precision": 0.7362920950017724,
        "Test Recall": 0.745338672867416,
        "Test F1": 0.7407877655249154,
        "Test AUC": 0.802025613244681,
        "Test MCC": 0.44663147310618767
    },
    "FT-Transformer": {
        "Test Accuracy": 0.690466941185611,
        "Test Precision": 0.7438605374516257,
        "Test Recall": 0.6990584956323714,
        "Test F1": 0.7207639740669354,
        "Test MCC": 0.37521856459558744,
        "Test AUC": 0.7515626120683606
    },
    "TabNet": {
        "Test Accuracy": 0.6869844692040246,
        "Test Precision": 0.7425621463770587,
        "Test Recall": 0.6880924385775482,
        "Test F1": 0.7140325611504656,
        "Test AUC": 0.7481237364406475,
        "Test MCC": 0.368204167212993
    }
}