{
    "LightGBM": {
        "Test Accuracy": 0.5033422713573665,
        "Test Precision": 0.750241223187115,
        "Test Recall": 0.6871282417320961,
        "Test F1": 0.7172991289229513,
        "Test AUC": 0.7547413667381978,
        "Test MCC": 0.3785846147389124
    },
    "XGBoost": {
        "Test Accuracy": 0.5053964912946184,
        "Test Precision": 0.7487900021671603,
        "Test Recall": 0.7046327453179702,
        "Test F1": 0.7260405904705203,
        "Test AUC": 0.7571044946340006,
        "Test MCC": 0.3865054296911203
    },
    "CatBoost": {
        "Test Accuracy": 0.5033422713573665,
        "Test Precision": 0.750241223187115,
        "Test Recall": 0.6871282417320961,
        "Test F1": 0.7172991289229513,
        "Test AUC": 0.7547413667381978,
        "Test MCC": 0.3785846147389124
    },
    "TabM": {
        "Test Accuracy": 0.7027231761323907,
        "Test Precision": 0.7599248729468955,
        "Test Recall": 0.7013697698922539,
        "Test F1": 0.7294741493592576,
        "Test AUC": 0.7674515796474027,
        "Test MCC": 0.40233669131840444
    },
    "FT-Transformer": {
        "Test Accuracy": 0.690466941185611,
        "Test Precision": 0.7438605374516257,
        "Test Recall": 0.6990584956323714,
        "Test F1": 0.7207639740669354,
        "Test MCC": 0.37521856459558744,
        "Test AUC": 0.7515626120683606
    },
    "TabNet": {
        "Test Accuracy": 0.690466941185611,
        "Test Precision": 0.7438605374516257,
        "Test Recall": 0.6990584956323714,
        "Test F1": 0.7207639740669354,
        "Test MCC": 0.37521856459558744,
        "Test AUC": 0.7515626120683606
    }
}