{
    "LightGBM": {
        "Test R²": 0.2712338786667591,
        "Test MAE": 9.215225565790709,
        "Test RMSE": 11.604061142802154
    },
    "XGBoost": {
        "Test R²": 0.26744389657860834,
        "Test MAE": 9.173603546325522,
        "Test RMSE": 11.63677581252589
    },
    "CatBoost": {
        "Test R²": 0.2712338786667591,
        "Test MAE": 9.215225565790709,
        "Test RMSE": 11.604061142802154
    },
    "TabM": {
        "Test R²": 0.32372552156448364,
        "Test MAE": 10.186844825744629,
        "Test RMSE": 12.874426375267657
    },
    "TabNet": {
        "Test R²": 0.3128450810909271,
        "Test MAE": 10.035712242126465,
        "Test RMSE": 12.615489308028217
    },
    "FT-Transformer": {
        "Test R²": -2.9921531677246094e-05,
        "Test MAE": 12.49299430847168,
        "Test RMSE": 15.742771003453855
    }
}