{
    "LightGBM": {
        "Test Accuracy": 0.5035830246401474,
        "Test Precision": 0.7742968031048694,
        "Test Recall": 0.816023613746574,
        "Test F1": 0.7946127946127947,
        "Test AUC": 0.8575576036005719,
        "Test MCC": 0.5502068550688746
    },
    "XGBoost": {
        "Test Accuracy": 0.502138399116735,
        "Test Precision": 0.8143752611784371,
        "Test Recall": 0.8217583807716635,
        "Test F1": 0.8180501626613496,
        "Test AUC": 0.8877980347194095,
        "Test MCC": 0.6106010282642694
    },
    "CatBoost": {
        "Test Accuracy": 0.5035830246401474,
        "Test Precision": 0.7742968031048694,
        "Test Recall": 0.816023613746574,
        "Test F1": 0.7946127946127947,
        "Test AUC": 0.8575576036005719,
        "Test MCC": 0.5502068550688746
    },
    "TabNet": {
        "Test Accuracy": 0.602889539954823,
        "Test Precision": 0.6198270661572491,
        "Test ROC AUC": 0.640596250073072,
        "Test Recall": 0.6498840396373603,
        "Test F1": 0.6344997941539728,
        "Test MCC": 0.20059601780734493
    },
    "TabM": {
        "Test Accuracy": 0.8639545546038065,
        "Test Precision": 0.8746387897331294,
        "Test Recall": 0.8678895213999578,
        "Test F1": 0.871251084724956,
        "Test AUC": 0.9398542931219396,
        "Test MCC": 0.7270614992487743
    },
    "FT-Transformer": {
        "Test Accuracy": 0.8431984714839487,
        "Test Precision": 0.8595701487352831,
        "Test Recall": 0.8479932701720841,
        "Test F1": 0.8537394687476816,
        "Test AUC": 0.9236175819223386,
        "Test MCC": 0.6843015679276032
    }
}