{
    "DBSCAN": {
        "Silhouette": 0.4534977329249643,
        "DCSI": 0.2576733697587326
    },
    "K-Means": {
        "Silhouette": 0.13776470583594888,
        "DCSI": 0.09122505091452375
    },
    "FairSC": {
        "Silhouette": -0.2626678791509341,
        "DCSI": 0.08729789669015707
    },
    "FairDEN": {
        "Silhouette": 0.4188447953942552,
        "DCSI": 0.13911447759673498
    }
}