{
    "LightGBM": {
        "Test Accuracy": 0.8565499164988157,
        "Test Precision": 0.9012649969190619,
        "Test Recall": 0.9906769193991792,
        "Test F1": 0.9438581840267234,
        "Test AUC": 0.8511611885640546,
        "Test MCC": 0.34848976423195677
    },
    "XGBoost": {
        "Test Accuracy": 0.8491468487475098,
        "Test Precision": 0.906634446397188,
        "Test Recall": 0.9865731702458266,
        "Test F1": 0.9449161435576501,
        "Test AUC": 0.8496766287984127,
        "Test MCC": 0.3830639140461512,
        "ft": true
    },
    "CatBoost": {
        "Test Accuracy": 0.8565499164988157,
        "Test Precision": 0.9012649969190619,
        "Test Recall": 0.9906769193991792,
        "Test F1": 0.9438581840267234,
        "Test AUC": 0.8511611885640546,
        "Test MCC": 0.34848976423195677
    },
    "TabNet": {
        "Test Accuracy": 0.8794567658618754,
        "Test Precision": 0.881327888474266,
        "Test ROC AUC": 0.5347439154196365,
        "Test Recall": 0.9974500976134507,
        "Test F1": 0.9358003924866835,
        "Test MCC": 0.029474922870519598
    },
    "TabM": {
        "Test Accuracy": 0.9115314430095453,
        "Test Precision": 0.918700393145909,
        "Test Recall": 0.9868919080441452,
        "Test F1": 0.9515760358041528,
        "Test AUC": 0.8974699870584901,
        "Test MCC": 0.49048564289180213
    },
    "FT-Transformer": {
        "Test Accuracy": 0.8592016331441866,
        "Test Precision": 0.9125092972651605,
        "Test Recall": 0.980491463960985,
        "Test F1": 0.9450899602103115,
        "Test AUC": 0.853499330718025,
        "Test MCC": 0.4099620083124774
    }
}