{
    "LightGBM": {
        "Test R²": 0.4910558157194159,
        "Test MAE": 9.687108974695544,
        "Test RMSE": 12.290552173645939
    },
    "XGBoost": {
        "Test R²": 0.5350000399670904,
        "Test MAE": 9.231885698571798,
        "Test RMSE": 11.735372027481163
    },
    "CatBoost": {
        "Test R²": 0.4910558157194159,
        "Test MAE": 9.687108974695544,
        "Test RMSE": 12.290552173645939
    },
    "TabM": {
        "RMSE": 11.38120109132819,
        "MAE": 8.761107444763184,
        "R2": 0.6706061363220215
    },
    "TabNet": {
        "RMSE": 9.77501524779249,
        "MAE": 7.2829202062985585,
        "R2": 0.6777848886883626
    },
    "FT-Transformer": {
        "RMSE": 19.940622306456486,
        "MAE": 15.793102264404297,
        "R2": -4.76837158203125e-07
    }
}